uid,slope_i,slope_se,slope_p,n_occasions,lag0_sign,lag1_sign,bh_q_213,holm_p_213,std_effect,label_family1,label_bh,label_holm,user_facing_bh
003df5deff30e1e5a07b5d063fe85c3f,-0.1743389258451815,0.15771624950438726,0.2689879964080877,97,-1.0,-1.0,0.4867868468239777,1.0,0.06435663212397222,insufficient,insufficient,insufficient,no_claim
0107c61e54459068bb83f6be2058d65d,0.11208304734937491,0.16082602442017654,0.4858521819203374,84,-1.0,-1.0,0.6771271998347597,1.0,0.041375082533221,insufficient,insufficient,insufficient,no_claim
01fb41df0f6c2f69d65db5a38c600b4c,-0.10675661640910517,0.3598913674528185,0.7667446762637522,6,-1.0,-1.0,0.8627599349567129,1.0,0.03940884834372569,insufficient,insufficient,insufficient,no_claim
031cf9537e5da78c5a69a10cba088c94,-0.22627567586821434,0.23364526157392673,0.3328155714888532,67,-1.0,-1.0,0.5411428757795858,1.0,0.08352890990842554,insufficient,insufficient,insufficient,no_claim
03a0ce5623bfeb8aa3113605f7682215,-0.2818300898873603,0.13786246981058212,0.04092546409996567,168,-1.0,-1.0,0.1103433399150973,1.0,0.10403663627280614,moderate,insufficient,insufficient,no_claim
07eab8e219b6a4dcd45167dc216e1189,-0.16424616988343965,0.3606465414733831,0.6488060684453576,9,-1.0,-1.0,0.794228118269317,1.0,0.060630924973959964,insufficient,insufficient,insufficient,no_claim
0947cdc8e87a0a45a012aa387ccedbcd,-0.08553810588349176,0.22327822014324328,0.7016448899268601,69,-1.0,-1.0,0.8211558327166001,1.0,0.03157610606029446,insufficient,insufficient,insufficient,no_claim
0ab7acb36e6c710a7733c1c24e566bb3,0.03309925981030937,0.16937553639254443,0.8450646575822249,101,-1.0,-1.0,0.9045164425377583,1.0,0.012218481196101352,insufficient,insufficient,insufficient,no_claim
0aee9faa6f2d2d24d85d2690f5b2df25,0.046439072809917215,0.19731513518627816,0.8139333311886738,75,-1.0,-1.0,0.89827875410978,1.0,0.01714282860535822,insufficient,insufficient,insufficient,no_claim
0b9c2303bcc61063f9a5653d77c90501,-0.6089356966303698,0.2450540592145216,0.012958654652109436,63,-1.0,-1.0,0.04312802251405171,1.0,0.22478657835712823,moderate,moderate,insufficient,evidence_available
0ba15aa0582c5e825710d42fe3eb231d,-0.6171372883506785,0.15458475546113595,6.54559296919821e-05,192,-1.0,-1.0,0.0005362351163227765,0.012305714782092636,0.22781416854455228,strong,strong,moderate,evidence_available
0f2be96bde481cd3898f147a995a7d56,0.04811930071031356,0.1489898331920386,0.7467176861465676,106,-1.0,-1.0,0.8551121889742953,1.0,0.01776307912225235,insufficient,insufficient,insufficient,no_claim
0f727c1018c74fbb7142e8c7a77840d6,-0.1992482598583397,0.09358011208003873,0.033239939372963656,200,-1.0,-1.0,0.09567712278974673,1.0,0.07355182956921491,insufficient,insufficient,insufficient,no_claim
107c06248d28377b345ae06e5bda10c1,-0.7633456413502732,0.12517775948001264,1.07341180388687e-09,142,-1.0,-1.0,2.5404079358655924e-08,2.2004941979680837e-07,0.2817864936683327,strong,strong,strong,evidence_available
12e0a85ee9819ae1abeca0ccfaa52d13,-0.2741774532970636,0.20078884511129205,0.17209550681389763,52,-1.0,-1.0,0.3394105828829648,1.0,0.10121169103792768,insufficient,insufficient,insufficient,no_claim
12f90c19f2c2b74ec542b62e74e7cad1,-0.471409995736893,0.20275940611857277,0.02007344327287952,68,-1.0,-1.0,0.06381557338990057,1.0,0.1740194252552867,moderate,weak,insufficient,no_claim
13789d5f8a59f1e347e42b99233530d6,-0.3463981830465871,0.19563247905755438,0.07661761712211868,143,-1.0,-1.0,0.17361226007458808,1.0,0.1278717321829693,weak,insufficient,insufficient,no_claim
1618e7f7049efc1a0fbe48af6fda8e57,-0.06822506845046458,0.16066800282528798,0.6711036317820902,133,-1.0,-1.0,0.8166111136825052,1.0,0.025185056123372497,insufficient,insufficient,insufficient,no_claim
165970c3847523de7691ef9766b0f3f4,-0.7653182841548495,0.25576450429380815,0.0027690474328210257,32,-1.0,-1.0,0.012821893547627793,0.4651999687139323,0.28251468817033887,strong,moderate,insufficient,evidence_available
169d3212668c4eed434dafd32e33c946,0.07155005897516437,0.09283463221143157,0.44086939434116834,307,-1.0,-1.0,0.640846020882908,1.0,0.02641246526895725,insufficient,insufficient,insufficient,no_claim
1741432fb469dbbcd5a40599670c64ce,-0.03239853680219515,0.16028211439551873,0.839811617641339,147,-1.0,-1.0,0.9035517333254264,1.0,0.011959811638311047,insufficient,insufficient,insufficient,no_claim
17fb1517cc9d7e416782bffb8edd9070,-0.3614974460052007,0.19631919495631162,0.06556648326638159,124,-1.0,-1.0,0.16277317748677933,1.0,0.13344557466742712,weak,insufficient,insufficient,no_claim
1893420fc2b045e14ef0112c1b079afe,-0.37518485245957967,0.2076346380095573,0.07077049360109688,52,-1.0,-1.0,0.1641027844898432,1.0,0.13849823503943146,weak,insufficient,insufficient,no_claim
1c12f39481a6c09da17bd4e6bebed9a2,-0.3936312856419356,0.2483564170067022,0.11297880884974654,40,-1.0,-1.0,0.2480874874741857,1.0,0.1453076742312878,insufficient,insufficient,insufficient,no_claim
1d0fa4dfa0545bedeaa6045c70b6d19c,-0.25589950310110987,0.23758597136338985,0.2814437656156561,60,-1.0,-1.0,0.5037606897154181,1.0,0.09446444677771079,insufficient,insufficient,insufficient,no_claim
1d2263527eed2a54e88d340fb8e55308,-0.2008013335108296,0.10933168468441859,0.0662652360577154,368,-1.0,-1.0,0.16277317748677933,1.0,0.07412514152023317,insufficient,insufficient,insufficient,no_claim
1df93e607e693903c6fce6054a0a67c5,-0.4582685673177185,0.1523781352942584,0.002634554640831066,183,-1.0,-1.0,0.012696798247232221,0.4505088435821123,0.16916831085122427,moderate,moderate,insufficient,evidence_available
1ff6d7f34acb354430e7323a35ff7703,-0.2650929772075385,0.13620840329313094,0.05162703275289671,191,-1.0,-1.0,0.1341043655654512,1.0,0.09785818703474382,insufficient,insufficient,insufficient,no_claim
1fff60a0795f79ab1f9432d2cb1f56ee,-0.15541478712017776,0.18630559903422397,0.4041723543966349,101,-1.0,-1.0,0.6105582374927889,1.0,0.057370849526747716,insufficient,insufficient,insufficient,no_claim
20b8c420e5a7abcb07f11aab23e42923,-0.08763590174835084,0.1111169772973862,0.4302981968236135,174,-1.0,-1.0,0.6320932132650322,1.0,0.03235050039644987,insufficient,insufficient,insufficient,no_claim
212521733ea8eeff63d997dc0213c692,-0.04377665199937006,0.14049385905752249,0.7553512128245767,163,-1.0,-1.0,0.8557968528278449,1.0,0.016160004856542936,insufficient,insufficient,insufficient,no_claim
23d00aa2ae3eb2c224734960f2391885,0.01816344434084577,0.14406623235140623,0.8996709407445145,122,-1.0,-1.0,0.9302422833911728,1.0,0.006704974806292602,insufficient,insufficient,insufficient,no_claim
24e89780f6c9efef9ab28fea842cf620,-0.7095013649387651,0.2660303454375925,0.007653301264120671,24,-1.0,-1.0,0.029109878022458978,1.0,0.2619100588893658,strong,moderate,insufficient,evidence_available
284784fd7319c4e33b0bf1dc90c1a610,-0.015687088558655943,0.17516457403236294,0.9286398240682492,101,-1.0,-1.0,0.9419061072692242,1.0,0.005790836341174447,insufficient,insufficient,insufficient,no_claim
2b3d267f18830c3c257b382edabef246,-0.007861356528294144,0.12032734832765402,0.9479088028871046,223,-1.0,-1.0,0.9568937204500155,1.0,0.0029019935027940684,insufficient,insufficient,insufficient,no_claim
2c4f43b2212eee5ba69563f139911138,0.03383883739910587,0.18709977898404087,0.8564775864877343,66,-1.0,-1.0,0.912148629609437,1.0,0.012491493792562904,insufficient,insufficient,insufficient,no_claim
2cc3f6274987ee627ab9be37181536eb,0.8030881293070824,0.13899228526661195,7.562385162529495e-09,161,-1.0,-1.0,1.6107880396187824e-07,1.542726573156017e-06,0.29645730034405515,strong,strong,strong,evidence_available
2d06da49889845dc3af964bafb630b0a,-0.3999527996066068,0.11623431332549558,0.0005797431173510947,161,-1.0,-1.0,0.0037419783029025207,0.10493350424054815,0.1476412399953225,moderate,moderate,insufficient,evidence_available
2d5d41b5e9a9a5bb7007264230e4c575,-0.15243985033847585,0.17925768712591322,0.3951054856145573,122,-1.0,-1.0,0.6011247745421479,1.0,0.056272661551091126,insufficient,insufficient,insufficient,no_claim
2de8db6af975b72ac70440ede29e1cfb,-0.4602079451451996,0.14768628335885106,0.0018324867994083949,146,-1.0,-1.0,0.010262724970744763,0.3225176766958775,0.16988422569805217,moderate,moderate,insufficient,evidence_available
2f706716305bceab3969e0f457da16b4,-0.4299692507610311,0.12803319439357633,0.000784337017145198,199,-1.0,-1.0,0.004773250990055062,0.14039632606899044,0.15872171267374158,moderate,moderate,insufficient,evidence_available
30b497738f121ad199afb509889f6cfe,0.035248415045029735,0.1722114062672867,0.8378213105854706,105,-1.0,-1.0,0.9035517333254264,1.0,0.013011834672083153,insufficient,insufficient,insufficient,no_claim
34ed21e64b190dc037d35ef7f646feb8,-0.12496808805025816,0.2347835363061055,0.5945394342166896,49,-1.0,-1.0,0.7472057037811798,1.0,0.04613155226749906,insufficient,insufficient,insufficient,no_claim
3528757eaf1d15ee6c778eb79cd02de7,-0.3278426586222696,0.22286305794223335,0.14127764735075288,61,-1.0,-1.0,0.3009213888571036,1.0,0.12102202232354499,insufficient,insufficient,insufficient,no_claim
3569e2f520db9014b4acc4227a6421c1,-0.4444025078199803,0.14295420947474224,0.0018790904876011538,260,-1.0,-1.0,0.010262724970744763,0.3288408353302019,0.16404970130502633,moderate,moderate,insufficient,evidence_available
35cf1abf179310dc33907d953f590366,-0.2878704027754717,0.13703908526853958,0.03567218332825317,327,-1.0,-1.0,0.09997598748576218,1.0,0.10626639759873677,moderate,weak,insufficient,no_claim
374d8bd8b755b55ed5a9b08304db6cee,-0.6396791952005809,0.28670215659197756,0.025670345095413882,35,-1.0,-1.0,0.07811119293318795,1.0,0.23613543816049742,moderate,weak,insufficient,no_claim
3bb377ba0acb7d8916010184df36aa57,-0.06645485494289768,0.10749810429125917,0.5364464109677853,198,-1.0,-1.0,0.7141442846008643,1.0,0.024531587720174133,insufficient,insufficient,insufficient,no_claim
3d1a8b919f65dd22f661468f79b9b107,0.01999114465470664,0.17998421002150025,0.9115595231407796,87,-1.0,-1.0,0.9379815383042804,1.0,0.00737966427200875,insufficient,insufficient,insufficient,no_claim
3dad5f11680b432159b65838119ab87e,0.18028011191332172,0.13402329411309136,0.1785799843764453,193,-1.0,-1.0,0.3489682263503014,1.0,0.06654980111542805,insufficient,insufficient,insufficient,no_claim
3e7ca3545ad22d036db36c4f1e9f2e18,-0.26551406866463406,0.17949588263571872,0.13908127413324545,94,-1.0,-1.0,0.2992354685897099,1.0,0.09801363153954083,insufficient,insufficient,insufficient,no_claim
4005a296ac7cd078b8bd56f0b905b7a6,-0.17771094301639223,0.15934336090175213,0.2647345411182074,140,-1.0,-1.0,0.4867868468239777,1.0,0.06560140099903136,insufficient,insufficient,insufficient,no_claim
422875809be551a4ec179466aa8300ba,0.08808195533100327,0.12336742011339957,0.4752391220406098,200,-1.0,-1.0,0.6703704171831119,1.0,0.03251515958651414,insufficient,insufficient,insufficient,no_claim
429cf5f822600da91a6f4227c0af86c6,-0.26918633162281175,0.22488798781721234,0.23131450977915113,45,-1.0,-1.0,0.43991063020499277,1.0,0.09936923514393499,insufficient,insufficient,insufficient,no_claim
45555d3305e255895b11695c179a98cd,-0.4041435185809005,0.14468919562155338,0.005219202566838943,164,-1.0,-1.0,0.0222338029347339,0.8559492209615867,0.14918822990624503,moderate,moderate,insufficient,evidence_available
46562035189535f838d640973dbb222e,0.1143366416697601,0.15643173351942907,0.4648375508407099,236,-1.0,-1.0,0.6644993176447732,1.0,0.04220698934881362,insufficient,insufficient,insufficient,no_claim
46b53cdf4d639d54e894d92b6dff817f,0.06531423973034645,0.12331811222580787,0.5963613598253548,266,-1.0,-1.0,0.7472057037811798,1.0,0.02411053342450666,insufficient,insufficient,insufficient,no_claim
46f1dfeda71a865074859c81bb314fd9,-0.32332228672883345,0.28733928792211116,0.2604923211340231,22,-1.0,-1.0,0.4867868468239777,1.0,0.11935334213867478,insufficient,insufficient,insufficient,no_claim
480fca3c0b19afab1093cf2f01d63317,-0.14864116633054505,0.16432924325891404,0.3657130281964551,134,-1.0,-1.0,0.5685903285098172,1.0,0.05487039003847027,insufficient,insufficient,insufficient,no_claim
4a8ac645226348425b0a43a8373e394d,-0.4147201004132547,0.1594005839770206,0.009275006262836838,74,-1.0,-1.0,0.03406166093076287,1.0,0.15309253976024956,moderate,moderate,insufficient,evidence_available
4b5eb55e64b6bc941796bf114149cab7,-0.3761959909425871,0.2680029073448566,0.16040785798794888,37,-1.0,-1.0,0.3259861255773977,1.0,0.1388714934328845,insufficient,insufficient,insufficient,no_claim
4e37495c9c7c8a17e8737e2c61cfe228,0.06749288337629605,0.1928295334302843,0.7263287861663636,73,-1.0,-1.0,0.8408045187686709,1.0,0.02491477244899233,insufficient,insufficient,insufficient,no_claim
4eeb9f06b3ff630aa8f81fd23e1dfe7b,-0.15451570646629761,0.16525776071697762,0.34978923435958165,151,-1.0,-1.0,0.5644326281711431,1.0,0.05703895690660545,insufficient,insufficient,insufficient,no_claim
50e32d5c464c892af7aa4b6a666e876d,-0.4920803528374532,0.19272876649445708,0.010672981174953078,67,-1.0,-1.0,0.03788908317108342,1.0,0.1816498185328799,moderate,moderate,insufficient,evidence_available
51ac1dd0849798d75614176ebff633be,-0.4515035674771434,0.1401366942308872,0.0012735260353400335,164,-1.0,-1.0,0.007331379608849381,0.22541410825518593,0.16667103375749454,moderate,moderate,insufficient,evidence_available
54446e36f4601e2c4ab70c355baccc32,-0.0069015854908345275,0.2840925136252407,0.9806185427433567,34,-1.0,-1.0,0.9806185427433567,1.0,0.0025476972302801303,insufficient,insufficient,insufficient,no_claim
546901e10be0157c4fed40c04bfeaaa5,0.6014865677781376,0.1327830075371462,5.902671144530913e-06,116,-1.0,-1.0,5.9869950180242124e-05,0.0011392155308944663,0.22203675732397066,strong,strong,strong,evidence_available
557b44c8daf2ddb5d02313f20f2505b9,-0.12524331637556113,0.12812066749678708,0.3283009617161241,164,-1.0,-1.0,0.5406787013315708,1.0,0.04623315188442769,insufficient,insufficient,insufficient,no_claim
5580eba4ad4d1266854f3fec95266bd2,0.042011171357570154,0.1278907008714357,0.742539105431486,197,-1.0,-1.0,0.8549234024697651,1.0,0.01550828357493306,insufficient,insufficient,insufficient,no_claim
56b90ef8a34e80ebc086ecd8d594e9d8,-0.4143453036301891,0.23242529592369646,0.07463464080565307,63,-1.0,-1.0,0.17093740313552802,1.0,0.15295418477973063,weak,insufficient,insufficient,no_claim
58863d024fc04ff1c3082e2c81e14cf2,0.061224551795428184,0.15354980577995866,0.6900938988866241,132,-1.0,-1.0,0.8166111136825052,1.0,0.02260083878429125,insufficient,insufficient,insufficient,no_claim
59256b077a34f2f4ed7bbf7670e53786,-0.9189469413583924,0.18214539682319936,4.532165598369886e-07,86,-1.0,-1.0,5.678536896781092e-06,8.928366228788676e-05,0.339226193804647,strong,strong,strong,evidence_available
596df3c263e97eb09d44a8535ec20ffa,-0.4323768372348595,0.2976684604735467,0.14635012318361063,33,-1.0,-1.0,0.30561349253048103,1.0,0.15961046517839117,insufficient,insufficient,insufficient,no_claim
59cf760cd019690c9007452187578915,-0.0894677168702824,0.21825594255638744,0.6818638238842891,86,-1.0,-1.0,0.8166111136825052,1.0,0.03302670882982044,insufficient,insufficient,insufficient,no_claim
5a254d648a95146b403690f81da84bc3,0.10352759406956819,0.16321991340457243,0.5258962379102168,118,-1.0,-1.0,0.7089613840182036,1.0,0.03821686553312715,insufficient,insufficient,insufficient,no_claim
5c446b55e04c641913c09fd39d01d32b,-0.41257866164512896,0.16564705110039493,0.012748835810496129,217,-1.0,-1.0,0.043103206787867866,1.0,0.15230203479213553,moderate,moderate,insufficient,evidence_available
5e1d4d2718012c036ea65bfe3c80c0e7,-0.42119343266538867,0.12391274548702054,0.0006760476155394102,160,-1.0,-1.0,0.004235239473820422,0.12168857079709383,0.15548214873797603,moderate,moderate,insufficient,evidence_available
5e8e425fb65143d25c73b88bd26638eb,-0.7593827894116619,0.30251294151637664,0.012064607879163303,43,-1.0,-1.0,0.041447765778415864,1.0,0.28032362011247836,moderate,moderate,insufficient,evidence_available
5fa34bfca33d0ced12ea991006fbc934,0.11901867878704314,0.11118286867478328,0.2844047571743702,188,-1.0,-1.0,0.504818443984507,1.0,0.043935347711049656,insufficient,insufficient,insufficient,no_claim
600713d94c8ebe9f12f7d12c6479a131,-0.4052914733578148,0.11339659147559955,0.0003514261322377088,254,-1.0,-1.0,0.0024951255388877326,0.06466240833173842,0.14961199357758048,moderate,moderate,weak,evidence_available
61f9310e79c30ff4ff836fa065aee93a,-0.42574875326497486,0.16425418773327408,0.009541656555595912,118,-1.0,-1.0,0.03444699739562592,1.0,0.15716373012098087,moderate,moderate,insufficient,evidence_available
6294895f1093b3878b385812d65c3197,0.13824996219199703,0.18157539720983554,0.4464232689864822,72,-1.0,-1.0,0.6424875425278426,1.0,0.051034511740909234,insufficient,insufficient,insufficient,no_claim
62caae288910745b5eb9dde5a9873179,0.020604013501548002,0.1555122161982053,0.8945957150870258,97,-1.0,-1.0,0.9295067673831049,1.0,0.007605902759628197,insufficient,insufficient,insufficient,no_claim
62e43e3420646eaa7ecb44636abda31a,-0.4241582540214089,0.14111543910270458,0.0026492348667974674,220,-1.0,-1.0,0.012696798247232221,0.4505088435821123,0.1565766026380312,moderate,moderate,insufficient,evidence_available
632503a1df16a201a0fc5a1b91d3b01c,-0.03217648199428924,0.2126764014010917,0.8797444752057135,80,-1.0,-1.0,0.9217442059674352,1.0,0.01187784084771176,insufficient,insufficient,insufficient,no_claim
63e8142ef2fdd89aec0630ce6070831d,-0.4682543473424245,0.12553645798033417,0.00019145943664788945,144,-1.0,-1.0,0.0014564592859285875,0.03561145521650744,0.17285452819141606,moderate,moderate,moderate,evidence_available
64f2d26b3835e5fa744c35f1709e9c39,-0.03735000142555503,0.1849063896177225,0.8399213295701147,51,-1.0,-1.0,0.9035517333254264,1.0,0.013787628264435121,insufficient,insufficient,insufficient,no_claim
6683f5d8f1730b0fce6c1fd8b46ab76f,-0.2366140314236331,0.11008945481950223,0.031611514377125616,187,-1.0,-1.0,0.09223633647024324,1.0,0.08734527932805679,insufficient,insufficient,insufficient,no_claim
690d25f3b083e647278ed85c6bb033ae,0.22333822053460223,0.2236234988732801,0.3179282697445718,60,-1.0,-1.0,0.5360343573039807,1.0,0.08244455808413043,insufficient,insufficient,insufficient,no_claim
69d24b22972459bf83ab0c8eb24d13cc,-0.14870648894766794,0.20693287903612306,0.4723739450890636,66,-1.0,-1.0,0.6703704171831119,1.0,0.05489450366438124,insufficient,insufficient,insufficient,no_claim
6b0083d00297f9c03e00b2cde889b666,0.3214882997102245,0.1353095494025264,0.01750398321539981,87,-1.0,-1.0,0.05649012764969939,1.0,0.11867633195690064,moderate,weak,insufficient,no_claim
6b22ac2851e90cebdb6bcc50288e031c,0.0031242498857794176,0.09597181487952072,0.9740303907850121,306,-1.0,-1.0,0.9786248737604131,1.0,0.0011533064092698457,insufficient,insufficient,insufficient,no_claim
6b4ad83b4ee50566e899f3b6c0fb7864,-0.07658932222297019,0.21166038573174467,0.7174640845868816,53,-1.0,-1.0,0.8350811476339114,1.0,0.028272692464018038,insufficient,insufficient,insufficient,no_claim
6c4cf48742a55153dd574133a73a6932,0.6700110659201265,0.10046489776320783,2.5736524023045604e-11,257,-1.0,-1.0,6.852349521135892e-10,5.301723948747394e-09,0.24733234691777153,strong,strong,strong,evidence_available
6ed487d275984c8c141d40ad10664f46,-0.15246224649026152,0.14798990635388357,0.30290647313302266,216,-1.0,-1.0,0.5332155270854035,1.0,0.05628092901571198,insufficient,insufficient,insufficient,no_claim
703c70ff9f0c7a8e24757d0270a2e932,-0.837512817415242,0.3039971899532558,0.005869180555491127,16,-1.0,-1.0,0.02451245996705118,0.9566764305450537,0.30916505896892305,strong,moderate,insufficient,evidence_available
713a6a94988cc13bf0bb50ad0cb0a015,-0.7244644038794075,0.13108987613750675,3.267361670111768e-08,96,-1.0,-1.0,5.799566964448388e-07,6.6000705736257714e-06,0.2674336147326245,strong,strong,strong,evidence_available
73e13f8273906f7f43a077f95ec48e7d,-0.5309812521231239,0.10372149852990292,3.0667517192384253e-07,375,-1.0,-1.0,4.354787441318564e-06,6.102835921284466e-05,0.1960099555618462,moderate,moderate,moderate,evidence_available
76b564dca3ab4d899e5a30d3cbcb0aac,-0.6727260422136719,0.17471574054609224,0.00011792354299333674,77,-1.0,-1.0,0.0009302857280585454,0.02205170253975397,0.2483345713475823,strong,strong,moderate,evidence_available
791c580346256bca5c697d19170a50b5,-0.02704695540960758,0.174250469652635,0.876648797744779,94,-1.0,-1.0,0.9217442059674352,1.0,0.009984293243353747,insufficient,insufficient,insufficient,no_claim
79d8490ab94fc7cd6530b1f22593d708,0.05385142651402003,0.11657749460689365,0.644126694075106,202,-1.0,-1.0,0.7930577216069224,1.0,0.01987907421542541,insufficient,insufficient,insufficient,no_claim
7a5f7cc91bafe10c9708342bb197ea58,-1.618439848292568,0.24012205193697925,1.5830892152735032e-11,67,-1.0,-1.0,4.817114326475088e-10,3.2769946756161517e-09,0.5974416638532993,strong,strong,strong,evidence_available
7d2c632a05bbb03ca97555d61be83c41,-0.19216756010399627,0.11196121827492009,0.08609322650295903,374,-1.0,-1.0,0.1930300762645292,1.0,0.07093801290686352,insufficient,insufficient,insufficient,no_claim
7d41e1ac6994aa87a10a923b31b16cd8,-0.05731463395662459,0.23519595686889513,0.8074718038928839,62,-1.0,-1.0,0.895789032443668,1.0,0.021157505674562822,insufficient,insufficient,insufficient,no_claim
7dcfc929e033d32b768ff4b51bd6a748,-0.7047861897818467,0.13503278653611278,1.7953195641240427e-07,149,-1.0,-1.0,2.7314504797030078e-06,3.5906391282480854e-05,0.26016946773049077,strong,strong,strong,evidence_available
7e22b6d9cb821d7004409da02d95cb64,-0.0870578415622632,0.17781450990460526,0.6244175436122252,76,-1.0,-1.0,0.776169519714902,1.0,0.032137111409674804,insufficient,insufficient,insufficient,no_claim
800994037be85bdfd6b3e43be70d02b3,-0.7517851339712318,0.1312417674419579,1.0147432449869598e-08,199,-1.0,-1.0,1.9649119198383858e-07,2.0599287873235284e-06,0.2775189709854173,strong,strong,strong,evidence_available
8391d8b451084771d0affcc26e34d773,-0.07603970673678478,0.12860574973701022,0.5543448139305474,202,-1.0,-1.0,0.7243892353816355,1.0,0.02806980374319683,insufficient,insufficient,insufficient,no_claim
83a37a7ffd416a2e0a863c86166a97c8,-0.03869507311013001,0.14691471633015565,0.7922541627020927,164,-1.0,-1.0,0.8835085688772029,1.0,0.014284156983795452,insufficient,insufficient,insufficient,no_claim
83e4705b8ead02d2659f4d4241183e17,-0.09780029595394427,0.12329378809954972,0.4276439999352317,241,-1.0,-1.0,0.6320932132650322,1.0,0.03610265256488363,insufficient,insufficient,insufficient,no_claim
84120765740b5395aa49a2feb12fbb43,-1.0191801605792294,0.20518950500124983,6.798994507395406e-07,31,-1.0,-1.0,8.04547683375123e-06,0.00013326029234494996,0.3762269518667064,strong,strong,strong,evidence_available
8479552e5849c2f93e5f8ab1720ed78b,-0.6691393746563694,0.3326458542573516,0.044265616345849024,15,-1.0,-1.0,0.11785720352082303,1.0,0.24701056499950325,moderate,insufficient,insufficient,no_claim
84875d7ec9c81d58d687aa4805c35c77,-0.35632943501310854,0.19727635592770668,0.07088007592988532,91,-1.0,-1.0,0.1641027844898432,1.0,0.13153782067262465,weak,insufficient,insufficient,no_claim
8617ddac1f48b148e3683738519b2e7a,-0.31183211959010687,0.15016359608445037,0.0378370190668198,135,-1.0,-1.0,0.10332416745170021,1.0,0.11511178532051099,moderate,insufficient,insufficient,no_claim
862f10a8c357e957a59d122077b3a5ad,-0.017055350197701408,0.07679943069244761,0.8242543169203485,422,-1.0,-1.0,0.9003393307899191,1.0,0.006295925554765159,insufficient,insufficient,insufficient,no_claim
86a13f6d0bb7070ca042d60b2a582c4c,0.14145286204572527,0.15521017460897724,0.36210396660841293,210,-1.0,-1.0,0.5671187124087643,1.0,0.052216851523129534,insufficient,insufficient,insufficient,no_claim
8730e74690f38a87355bf45b00fc220e,-0.6561772993619881,0.14668807604803147,7.70276686146154e-06,189,-1.0,-1.0,7.457678824960491e-05,0.0014789312374006158,0.24222565820235734,strong,strong,strong,evidence_available
8733d6d19519598608c6dc2f9ee525d7,-0.14589073876348196,0.2442593389592582,0.5503217647362098,22,-1.0,-1.0,0.7243892353816355,1.0,0.053855078889459854,insufficient,insufficient,insufficient,no_claim
87d88cba80cd67d705f61405fbe40da9,-0.24193792117176807,0.12746720293758942,0.057690739300563454,158,-1.0,-1.0,0.1467976209133468,1.0,0.089310575444964,insufficient,insufficient,insufficient,no_claim
8c0c301d93ca93cae5c090caf21816ec,-1.0775722784144903,0.12619523217557405,0.0,209,-1.0,-1.0,0.0,0.0,0.3977822071159023,strong,strong,strong,evidence_available
8c644d8cbd193c5575bb826a8abaa245,-0.13008622002643855,0.12797785155250965,0.3094034943926638,151,-1.0,-1.0,0.5360343573039807,1.0,0.04802089359019073,insufficient,insufficient,insufficient,no_claim
8c8ee0b0491acee56e6346c2af5c6cf4,-1.2231432028453997,0.161991305463368,4.3298697960381105e-14,140,-1.0,-1.0,3.0742075551870585e-12,9.136025269640413e-12,0.45151922761278246,strong,strong,strong,evidence_available
8ccf6026d9114437e881d73faa34ea51,-0.09083645225988587,0.2204067223491612,0.680243376822002,115,-1.0,-1.0,0.8166111136825052,1.0,0.033531972926847155,insufficient,insufficient,insufficient,no_claim
8e12cde03a0eaf1a9c41596a81a1cf59,0.041806363875279806,0.1337632741323931,0.7546302245960583,114,-1.0,-1.0,0.8557968528278449,1.0,0.015432679576972778,insufficient,insufficient,insufficient,no_claim
8ee53a46a77476104276e6a1af54472c,-0.4332439410302752,0.20808584791713286,0.03733842899622575,69,-1.0,-1.0,0.10328682306748162,1.0,0.15993055364804498,moderate,insufficient,insufficient,no_claim
8ee7d10d8b836222ee69ff04247971a4,-0.41272536821140915,0.18796485495162935,0.028109256269855054,74,-1.0,-1.0,0.0831565497983212,1.0,0.15235619103102765,moderate,weak,insufficient,no_claim
8feafc5db9bf59d00a21335e69b57804,-0.09899414197345197,0.20357279355351743,0.626765997140672,57,-1.0,-1.0,0.776169519714902,1.0,0.036543356835129936,insufficient,insufficient,insufficient,no_claim
91d30de367a6a0772fdca55ec5b129a2,-0.22969694192456475,0.26294189152013736,0.38235496896477317,21,-1.0,-1.0,0.5859108517229977,1.0,0.08479185884492585,insufficient,insufficient,insufficient,no_claim
920e275acd8721dad396513f4d7c99ea,-0.4111583342950008,0.1340130309609727,0.0021546242223515755,232,-1.0,-1.0,0.011193535594167942,0.37274999046682256,0.15177772569521597,moderate,moderate,insufficient,evidence_available
964412e1937376da4b5a70412a600bc9,-0.015392239760170678,0.16758925034286654,0.9268211663024004,177,-1.0,-1.0,0.9419061072692242,1.0,0.005681993892109674,insufficient,insufficient,insufficient,no_claim
968356427b2638af0930896c8d4a48d5,-0.6932641128282143,0.16073319386518437,1.6095509293378996e-05,127,-1.0,-1.0,0.00014284764497873859,0.003058146765742009,0.2559161315107442,strong,strong,strong,evidence_available
96cf40f9d3b2d69466161000cd69ae5c,0.11183733541278412,0.16078309703152102,0.4866925619409437,141,-1.0,-1.0,0.6771271998347597,1.0,0.04128437879259061,insufficient,insufficient,insufficient,no_claim
97487f1632fbab90426f6760a0fe94ea,-0.24853858093482875,0.19095293152828274,0.19306346761614002,90,-1.0,-1.0,0.373841078202162,1.0,0.09174718694803151,insufficient,insufficient,insufficient,no_claim
98e5152e1020930fb007145c1c60648b,0.22741569778596127,0.1656169991848679,0.16970813076126268,75,-1.0,-1.0,0.33934047494081304,1.0,0.08394974519129782,insufficient,insufficient,insufficient,no_claim
993b20b5d910d05b5d79e0de71386a49,-0.1426044606590685,0.12919288107116442,0.2696753423719689,192,-1.0,-1.0,0.4867868468239777,1.0,0.05264196030451106,insufficient,insufficient,insufficient,no_claim
9a67ed145c6e7be55b1f744897316f71,-0.06375128386950848,0.2176549485579912,0.7695980640458941,95,-1.0,-1.0,0.8627599349567129,1.0,0.02353357348928669,insufficient,insufficient,insufficient,no_claim
9e9e21ee5dbdb37ffda3225cd0403d34,-0.32964077287875354,0.32821126782875343,0.31520731922339595,32,-1.0,-1.0,0.5360343573039807,1.0,0.12168579019500803,insufficient,insufficient,insufficient,no_claim
a23be0935798553a76b4e74cfc1740f1,-0.34748163385806213,0.1294565529392733,0.007271308411616939,251,-1.0,-1.0,0.028159794394080145,1.0,0.12827168443092818,moderate,moderate,insufficient,evidence_available
a2949761d01e0f82cdbcc71231431959,0.18708276595611434,0.10194463463920216,0.06648481897347325,157,-1.0,-1.0,0.16277317748677933,1.0,0.06906097813212846,insufficient,insufficient,insufficient,no_claim
a4dde9659b38b613f08b37c0c8bfa9eb,-0.20894852904758407,0.311889552145271,0.5028934997927055,34,-1.0,-1.0,0.6910730029409436,1.0,0.07713265153820009,insufficient,insufficient,insufficient,no_claim
a4fcfc9e92d6861285d6c5979d2fd54b,-0.1507919167550146,0.16361030623924824,0.35670964449174347,150,-1.0,-1.0,0.5670086140055326,1.0,0.0556643323734195,insufficient,insufficient,insufficient,no_claim
a52b5e80b4c7a8e05f8cc0a16ae4ea9f,-0.15099833830642542,0.21852177733239597,0.4895661444814694,56,-1.0,-1.0,0.6771271998347597,1.0,0.05574053219960405,insufficient,insufficient,insufficient,no_claim
a6c1b8b62cc50f9022f018b5198648a0,0.17121488808554303,0.1757617380673311,0.3299916956483766,70,-1.0,-1.0,0.5406787013315708,1.0,0.06320340402035873,insufficient,insufficient,insufficient,no_claim
a7a320d21e232075512a494c982dc17f,-0.34693569469348806,0.23814188052036064,0.1451593022607267,64,-1.0,-1.0,0.30561349253048103,1.0,0.12807015281194964,insufficient,insufficient,insufficient,no_claim
a7cb6ba9ef6b3878a4284b0d63afecd7,0.3849024029556405,0.12529411481271238,0.00212636079967754,166,-1.0,-1.0,0.011193535594167942,0.369986779143892,0.14208543634510243,moderate,moderate,insufficient,evidence_available
aa77ecb82c267ad01e9899413f072025,-0.1011421478942435,0.15764602592106083,0.5211475265435055,175,-1.0,-1.0,0.7070345423806794,1.0,0.03733628604571401,insufficient,insufficient,insufficient,no_claim
ab5ee451ce580a761fefd88f7b49a97f,-0.21032268471144222,0.35269876522185506,0.5509589027633011,22,-1.0,-1.0,0.7243892353816355,1.0,0.07763991651136234,insufficient,insufficient,insufficient,no_claim
ac02afb2367b89fdcab1b1245e195b27,-0.19076314028933095,0.19267005728691286,0.32212393302774434,48,-1.0,-1.0,0.5360343573039807,1.0,0.07041957602352344,insufficient,insufficient,insufficient,no_claim
ac23ab17a31d1abeea72e408ac5871c1,-0.8438883497521992,0.16158522844080245,1.764675368054469e-07,104,-1.0,-1.0,2.7314504797030078e-06,3.546997489789483e-05,0.31151856543464723,strong,strong,strong,evidence_available
ac70fe1f8115ac361f2023269c011c3e,-0.547858387952483,0.15636124002815294,0.00045867107118424677,200,-1.0,-1.0,0.0030530293175701426,0.08347813495553291,0.2022400938778349,strong,strong,weak,evidence_available
aeeb186fafcc356f44cae870555f4a0d,0.15179385997592693,0.10162436638588261,0.1352603684350273,434,-1.0,-1.0,0.29398427017000833,1.0,0.056034196366585444,insufficient,insufficient,insufficient,no_claim
b17eeda399b312140dc40b8445a8e0a5,-0.5592678036122007,0.18630051811369755,0.002682422164908216,43,-1.0,-1.0,0.012696798247232221,0.4533293458694885,0.20645184155726018,strong,moderate,insufficient,evidence_available
b1fed5ab5fbd8a1b2fd93b925849a11c,-0.48440246486491956,0.17635893458460528,0.006020089763361103,96,-1.0,-1.0,0.02465921383838298,0.9752545416644987,0.17881555183459694,moderate,moderate,insufficient,evidence_available
b3db52ffec3adfc49eb061af2f2f2846,-0.8196408693777884,0.170877428750877,1.6133337186197139e-06,160,-1.0,-1.0,1.8086320108736792e-05,0.0003146000751308442,0.30256768904933007,strong,strong,strong,evidence_available
b4d5a392109a5d0a0e6da33189e63511,-0.18515518799821268,0.22805821904373363,0.41686230052238904,42,-1.0,-1.0,0.6252934507835836,1.0,0.06834941916774022,insufficient,insufficient,insufficient,no_claim
b5dea997cb5e8f17d428c5047a9a1c08,-0.02200621018911153,0.23226281382990666,0.9245157669106123,90,-1.0,-1.0,0.9419061072692242,1.0,0.008123518983024656,insufficient,insufficient,insufficient,no_claim
b855dfddb71e240c1990b539533cd1f6,-0.07314370126752845,0.1827834052600409,0.6890342667639779,153,-1.0,-1.0,0.8166111136825052,1.0,0.027000752997871885,insufficient,insufficient,insufficient,no_claim
bbcad50219ee8a1484b4c6f000eb4e68,-0.17314998503624068,0.18934278917409988,0.360465261502515,108,-1.0,-1.0,0.5671187124087643,1.0,0.06391773859582159,insufficient,insufficient,insufficient,no_claim
bc3ae668f5930dcab54b63a9cfd0896d,-0.7868212816071114,0.2901055702198663,0.006684036908474189,32,-1.0,-1.0,0.026364812250092635,1.0,0.29045244785245855,strong,moderate,insufficient,evidence_available
bd441b322153093e69f107a36a9b15d6,-0.09290304908894914,0.17398912857749216,0.593369948491552,113,-1.0,-1.0,0.7472057037811798,1.0,0.03429485024315401,insufficient,insufficient,insufficient,no_claim
bd6de07de02a8c2e98018a1c7daecc87,-0.28851255614861887,0.08928866694644669,0.001232570863083371,323,-1.0,-1.0,0.007292710939909945,0.21939761362884003,0.10650344637142165,moderate,moderate,insufficient,evidence_available
bdefb86f43d463ae4475291ec837f7d7,0.1321185588650473,0.16734206563786574,0.4298128540724828,137,-1.0,-1.0,0.6320932132650322,1.0,0.04877112468375473,insufficient,insufficient,insufficient,no_claim
bea4c7250c8631ddfacf57dfa386caba,-1.0957438846450849,0.14978925546722954,2.569056078982612e-13,134,-1.0,-1.0,1.0944178896465929e-11,5.3693272050736596e-11,0.4044901948565322,strong,strong,strong,evidence_available
c0b0998fe60a905081764378d1102494,-0.4769359253498173,0.3479492573514959,0.1704668113552441,6,-1.0,-1.0,0.33934047494081304,1.0,0.17605930371339848,insufficient,insufficient,insufficient,no_claim
c0fec81b63a711ebc1c29a5df6e21b07,-0.36690864642782317,0.14053190099236218,0.009031574636689355,185,-1.0,-1.0,0.03374956837920759,1.0,0.13544310122817382,moderate,moderate,insufficient,evidence_available
c21283c11daebb61004b688f04c27715,-0.0982086561688203,0.1804426874275894,0.5862590638072585,80,-1.0,-1.0,0.7472057037811798,1.0,0.036253397374142016,insufficient,insufficient,insufficient,no_claim
c21d2515be8477a92181b9c0035a9884,-1.0900797987664754,0.2366719743494129,4.107495131355776e-06,42,-1.0,-1.0,4.374482314893902e-05,0.0007968540554830206,0.402399316474432,strong,strong,strong,evidence_available
c2d80f95e15e8973a9a943564baea1b7,-0.7591284009238851,0.17181326124857263,9.946455805209808e-06,131,-1.0,-1.0,9.211282984824736e-05,0.0018997730587950734,0.2802297134519603,strong,strong,strong,evidence_available
c31fd374e5d8227a31bf8f06f0402b96,0.018993634553665817,0.12883668166762446,0.882797267687121,154,-1.0,-1.0,0.9217442059674352,1.0,0.007011436750235219,insufficient,insufficient,insufficient,no_claim
c37f9221f44e9ca35a49180dc05a7587,-0.3833241475240893,0.10491363301088791,0.00025847668559397796,390,-1.0,-1.0,0.0018984666907419761,0.04781818683488592,0.14150282862445948,moderate,moderate,moderate,evidence_available
c4de76cb7f30c4073617bfb80fabaec6,0.09793463941836578,0.24066448626103348,0.6840562272807393,30,-1.0,-1.0,0.8166111136825052,1.0,0.03615224500602161,insufficient,insufficient,insufficient,no_claim
c703d4732f997328085fad609ecd6656,-0.3160630081847628,0.1575578932945265,0.044854978854135696,115,-1.0,-1.0,0.11795198143124572,1.0,0.11667360371260996,moderate,insufficient,insufficient,no_claim
c75fc80fba7cbe2b7d9cbc71be5b91a6,-0.418187497844395,0.19752511057824268,0.034248317743804435,88,-1.0,-1.0,0.09726522239240461,1.0,0.15437251793965895,moderate,weak,insufficient,no_claim
c98557ba920872193b0d6d8d90ac2eb0,-0.145521608522611,0.16594526685959055,0.38052719494669685,76,-1.0,-1.0,0.5859108517229977,1.0,0.053718815694063886,insufficient,insufficient,insufficient,no_claim
cf007be9a060b779cf5a71b3e59a9d5b,-0.3589798723454882,0.16205642513742208,0.026749523972855904,118,-1.0,-1.0,0.08024857191856771,1.0,0.13251622076050334,moderate,weak,insufficient,no_claim
d038cb570b5de5840c0677e72d2ba198,-0.5472870474555338,0.10717053315809608,3.278451574662e-07,151,-1.0,-1.0,4.364438658768788e-06,6.49133411783076e-05,0.20202918544185922,strong,strong,strong,evidence_available
d060bfe5da35b9cbd05e3dc33e167092,-0.2973544773453241,0.16371908983591046,0.06933233061984656,82,-1.0,-1.0,0.1641027844898432,1.0,0.10976741204613752,weak,insufficient,insufficient,no_claim
d1075cae00d6198eb840ad42a2df742c,-0.293969896388506,0.1079883374882615,0.006484153399279213,238,-1.0,-1.0,0.026058956114084385,1.0,0.10851800529158878,moderate,moderate,insufficient,evidence_available
d1cd5ab675681cd980ee4dd212d8c53c,0.09563637368746386,0.17170039950410376,0.5775304089858768,99,-1.0,-1.0,0.7455392552363137,1.0,0.035303847888454566,insufficient,insufficient,insufficient,no_claim
d2c8a48736cfe925440115558db860ee,0.4220188578777454,0.14353169203439375,0.0032794899910737474,171,-1.0,-1.0,0.014862369534015069,0.5476748285093158,0.15578685169791434,moderate,moderate,insufficient,evidence_available
d86f28a1830ecec98f00cd0fddf8b1ef,0.6138542198695749,0.1492011563932701,3.8840233885562014e-05,215,-1.0,-1.0,0.0003309187927049884,0.007340804204371221,0.22660223478132707,strong,strong,strong,evidence_available
da130c5ecc942e7cd705585222a42adf,-0.5940028112915896,0.26339096907089865,0.024119944758646872,42,-1.0,-1.0,0.07445722077669252,1.0,0.2192741536152736,moderate,weak,insufficient,no_claim
db422d4921bbfae5352fdc90cea7bd07,-0.1232063146205327,0.1917177485634416,0.5204549434926566,86,-1.0,-1.0,0.7070345423806794,1.0,0.04548119949084311,insufficient,insufficient,insufficient,no_claim
db8df8be53722b041b1e649ae0c0b5d4,-0.45465537910045006,0.188517976321175,0.015876821731629187,76,-1.0,-1.0,0.052027123520569485,1.0,0.16783451449010692,moderate,weak,insufficient,no_claim
dd2ab53554046244203dfb4a72ad4e18,-0.09428207604844599,0.2444747876171901,0.699754763919521,39,-1.0,-1.0,0.8211558327166001,1.0,0.03480391343882949,insufficient,insufficient,insufficient,no_claim
dfba04a156c13a94753a56bbbdd58969,-0.09782651238650833,0.1570056694440417,0.5332343798248311,200,-1.0,-1.0,0.7141442846008643,1.0,0.036112330273392786,insufficient,insufficient,insufficient,no_claim
e06024d216d36ef2d7cddc8a67cf77a7,0.13133330364846368,0.12951605470357952,0.310567926532896,210,-1.0,-1.0,0.5360343573039807,1.0,0.048481250343574506,insufficient,insufficient,insufficient,no_claim
e1b0f11a76278ee3f33e48e2d81b50d0,-0.1610608140422869,0.16201956143990795,0.32018269429300283,90,-1.0,-1.0,0.5360343573039807,1.0,0.059455061505378895,insufficient,insufficient,insufficient,no_claim
e3d27e46b8e06963920efb69f95df6fc,-0.29888471773277425,0.18777907901001642,0.11145600994565186,76,-1.0,-1.0,0.24729302206691506,1.0,0.1103322951736373,insufficient,insufficient,insufficient,no_claim
e535002d3f0d00b98ff8a34754d6472b,0.10951121204799119,0.11782096079392235,0.3526448461247953,182,-1.0,-1.0,0.5647620468013639,1.0,0.04042569812252675,insufficient,insufficient,insufficient,no_claim
e60e86c5e68c34e34f69aa9257eb977b,-0.05071518518685625,0.2228429216828303,0.819970700475761,43,-1.0,-1.0,0.9002771092852427,1.0,0.01872134120562405,insufficient,insufficient,insufficient,no_claim
e8811b53add5bfb32640af600ba33399,-0.16221422180074657,0.28886990192825024,0.574424239383464,33,-1.0,-1.0,0.7455392552363137,1.0,0.05988083812663698,insufficient,insufficient,insufficient,no_claim
e946e1f85b5de2dba4edcf1aebbfdc0a,-0.4121526129496692,0.14212344899088145,0.0037320780491207906,180,-1.0,-1.0,0.016561096342973508,0.6195249561540512,0.15214476033935528,moderate,moderate,insufficient,evidence_available
ea716dd032aaa0dcf8bfa36b1811917f,-0.21191138363357184,0.3949806248861334,0.59160555179764,6,-1.0,-1.0,0.7472057037811798,1.0,0.07822637941166748,insufficient,insufficient,insufficient,no_claim
eb5b94ef4672c2971d18f0d95d51f892,-0.16308035471089333,0.14660701690808894,0.2659817148542194,187,-1.0,-1.0,0.4867868468239777,1.0,0.06020056819723681,insufficient,insufficient,insufficient,no_claim
f066d6d9013a60a4b65eda0f2518f61a,-0.6655825316380632,0.2302776826027856,0.003848161480623835,54,-1.0,-1.0,0.01672772235454851,0.6349466443029328,0.24569756828037054,strong,moderate,insufficient,evidence_available
f0db9e3e8b9b5080e5752383cceb34f6,-1.4373729808101656,0.11924496672606483,0.0,175,-1.0,-1.0,0.0,0.0,0.5306014345475785,strong,strong,strong,evidence_available
f17129feb37d5dcec17728f50d7beb95,-0.5197233992416657,0.17164769191332652,0.002463006178559546,139,-1.0,-1.0,0.012490959905551983,0.4236370627122419,0.19185415677574377,moderate,moderate,insufficient,evidence_available
f1dcebbb6fbe6d586ddb2c43c781e013,-0.6577514098778487,0.28863086635801366,0.022674961628516455,35,-1.0,-1.0,0.07102598274814713,1.0,0.2428067358412186,moderate,weak,insufficient,no_claim
f3e1995993cccfe83056a8deb2e315ff,-0.917302495014453,0.1335216311041743,6.417089082333405e-12,155,-1.0,-1.0,2.2780666242283587e-10,1.3347545291253482e-09,0.33861915192979636,strong,strong,strong,evidence_available
f40ed30e72159a5c839a43fe97e0c905,0.1349737067551009,0.12041581538011853,0.26233177682003195,251,-1.0,-1.0,0.4867868468239777,1.0,0.04982509299019531,insufficient,insufficient,insufficient,no_claim
f4d488e3c8096842b645280d8f01ae43,-0.17547289220226664,0.12374483122769188,0.1561843438880257,128,-1.0,-1.0,0.32298315774902403,1.0,0.06477523201685384,insufficient,insufficient,insufficient,no_claim
f5529fbae87a8d170937d3e39d5a63cc,-0.24712796477769292,0.17617643840198316,0.16069738584801296,99,-1.0,-1.0,0.3259861255773977,1.0,0.09122646270556635,insufficient,insufficient,insufficient,no_claim
f578948fdf09c92bc603dae7400b6673,0.024506760853154896,0.16163042811081668,0.879484923970195,99,-1.0,-1.0,0.9217442059674352,1.0,0.009046588907959846,insufficient,insufficient,insufficient,no_claim
f5fa7e56d2303d8b1e3bb33d367c98c5,-0.8414354685627566,0.23718016450919394,0.0003886640868819846,55,-1.0,-1.0,0.0026704984034149268,0.07112552789940318,0.3106130925370285,strong,strong,weak,evidence_available
f663e0d08f34a40d5930a3298bc8e98e,-0.36680806720405157,0.1445112944462042,0.011140335865235329,135,-1.0,-1.0,0.03889986129992008,1.0,0.13540597274368762,moderate,moderate,insufficient,evidence_available
f7472689b3556548c03d3b064d6ab9a8,0.35321406857358495,0.19476696800757987,0.06975143780384663,97,-1.0,-1.0,0.1641027844898432,1.0,0.1303877935578664,weak,insufficient,insufficient,no_claim
fa394f6d3d077bd5568fc3bc01580806,0.13883912608420357,0.14007916641414517,0.32161352518927,142,-1.0,-1.0,0.5360343573039807,1.0,0.05125199962370792,insufficient,insufficient,insufficient,no_claim
fbcc8cd8254960ed44ffdd3390a2f6a0,-0.2741472450898662,0.35679584010202,0.44227401441214775,7,-1.0,-1.0,0.640846020882908,1.0,0.10120053977914653,insufficient,insufficient,insufficient,no_claim
fc26652471ae91bdbbc11a8be89c362c,-1.112180517569762,0.149643118660989,1.0680345496894006e-13,297,-1.0,-1.0,5.687283977096058e-12,2.2428725543477412e-11,0.41055772299668825,strong,strong,strong,evidence_available
fc73375dda5e5460f7088c78654a945e,-0.35854738545397075,0.19806086776976836,0.07025100139430984,123,-1.0,-1.0,0.1641027844898432,1.0,0.13235656966915416,weak,insufficient,insufficient,no_claim
fe8ddda4ae8c71f7054ca024b82f5c98,-0.3620062640223511,0.1908797575534357,0.057892019515122684,128,-1.0,-1.0,0.1467976209133468,1.0,0.1336334031388316,weak,insufficient,insufficient,no_claim
ffc4b142e017c162ed4db7b05414fc4b,0.11340564076280069,0.0916908239694866,0.21615150217985324,321,-1.0,-1.0,0.41477720688566433,1.0,0.04186331347387173,insufficient,insufficient,insufficient,no_claim
