calendar_days,ema_count_total,recency_n_valid_days,recency_mean,baseline28_n_valid_days,baseline28_ema_count,baseline56_n_valid_days,baseline56_ema_count,historical_gate_met,state,baseline_mean,baseline_sd,deviation_z,deviation_pct,meaningful_change,uid,report_date,reason
1378,200,7.0,43920.648496271424,28.0,5.0,56.0,9.0,True,C,71385.74479154676,109221.81055484645,-0.25146164631178275,-38.474202903501336,False,1ff6d7f34acb354430e7323a35ff7703,2021-06-15,
1219,157,7.0,3161.8931259285714,28.0,3.0,49.0,6.0,False,C,14813.953595857996,30101.32098159641,-0.38709465531606924,-78.65598062348027,False,fa394f6d3d077bd5568fc3bc01580806,2021-01-07,
234,35,6.0,5285.347277735001,27.0,4.0,55.0,8.0,True,C,36757.26211230519,107178.61164109045,-0.2936398816207878,-85.62094406926562,False,596df3c263e97eb09d44a8535ec20ffa,2018-04-28,
50,9,6.0,7519.172044329999,28.0,4.0,42.0,8.0,False,C,6501.477276193256,5096.971278805385,0.1996665691189195,15.653285013596529,False,ea716dd032aaa0dcf8bfa36b1811917f,2017-10-26,
1204,205,6.0,3405.3389761800004,26.0,5.0,54.0,11.0,True,C,4987.3176910909615,9090.8935959662,-0.17401795524401636,-31.720030944427517,False,3dad5f11680b432159b65838119ab87e,2020-12-23,
1378,260,6.0,42612.737639089995,28.0,4.0,56.0,9.0,True,C,31364.14863502429,30751.271596654173,0.3657926459629587,35.86448060478972,False,a23be0935798553a76b4e74cfc1740f1,2021-06-15,
971,234,0.0,,0.0,0.0,0.0,0.0,False,B,,,,,,ac70fe1f8115ac361f2023269c011c3e,2020-05-05,partial history: below 28-day comparative gate
1372,239,0.0,,0.0,5.0,0.0,11.0,False,B,,,,,,791c580346256bca5c697d19170a50b5,2021-06-15,partial history: below 28-day comparative gate
1377,294,0.0,,0.0,6.0,0.0,10.0,False,B,,,,,,2b3d267f18830c3c257b382edabef246,2021-06-15,partial history: below 28-day comparative gate
497,37,6.0,3916.3411031466662,23.0,1.0,35.0,2.0,False,B,,,,,,46f1dfeda71a865074859c81bb314fd9,2019-01-16,partial history: below 28-day comparative gate
1359,244,1.0,3745.5364649,7.0,2.0,18.0,2.0,False,B,,,,,,f4d488e3c8096842b645280d8f01ae43,2021-05-28,partial history: below 28-day comparative gate
1377,275,7.0,82727.98224898572,28.0,4.0,56.0,9.0,True,C,17976.689274726785,21541.568714641468,3.0058763979546437,360.1958735821952,True,3569e2f520db9014b4acc4227a6421c1,2021-06-15,
1378,206,6.0,43748.05636899333,28.0,5.0,56.0,8.0,True,C,14492.095880647857,19589.01641806999,1.4934879763211675,201.87528932521533,True,3bb377ba0acb7d8916010184df36aa57,2021-06-15,
1378,217,6.0,13824.111738821666,28.0,4.0,56.0,7.0,False,C,13142.325355760713,39082.70189812177,0.017444709550485767,5.1877149941513485,False,8391d8b451084771d0affcc26e34d773,2021-06-15,
1378,215,7.0,44424.36442832143,28.0,5.0,56.0,10.0,True,C,11339.574609905792,30187.88838462889,1.0959623739453666,291.76394138730836,True,79d8490ab94fc7cd6530b1f22593d708,2021-06-15,
982,165,5.0,0.0,28.0,4.0,55.0,9.0,True,C,524.3521925856071,827.5204202068066,-0.6336426023838367,-100.0,False,c31fd374e5d8227a31bf8f06f0402b96,2020-05-15,
1373,161,7.0,128722.82299382858,28.0,6.0,56.0,12.0,True,C,81641.90472963,59710.45731369491,0.7884869817166904,57.66758923632961,False,96cf40f9d3b2d69466161000cd69ae5c,2021-06-15,
304,27,7.0,49201.72379266529,22.0,1.0,49.0,4.0,False,B,,,,,,ab5ee451ce580a761fefd88f7b49a97f,2018-07-12,partial history: below 28-day comparative gate
177,13,7.0,1973.6085026846001,28.0,2.0,43.0,6.0,False,B,,,,,,01fb41df0f6c2f69d65db5a38c600b4c,2018-03-08,partial history: below 28-day comparative gate
1216,193,0.0,,0.0,1.0,0.0,4.0,False,B,,,,,,c21283c11daebb61004b688f04c27715,2021-01-08,partial history: below 28-day comparative gate
1373,160,0.0,,0.0,2.0,0.0,2.0,False,B,,,,,,e60e86c5e68c34e34f69aa9257eb977b,2021-06-15,partial history: below 28-day comparative gate
1371,211,7.0,54395.13413899571,28.0,1.0,56.0,4.0,False,B,,,,,,800994037be85bdfd6b3e43be70d02b3,2021-06-15,partial history: below 28-day comparative gate
1359,208,7.0,98018.84057129546,28.0,6.0,56.0,11.0,True,C,1513.698470497393,1268.5231214872938,76.07677027411968,6375.453498944675,True,6683f5d8f1730b0fce6c1fd8b46ab76f,2021-06-15,
1364,180,0.0,,0.0,4.0,0.0,5.0,False,B,,,,,,0ab7acb36e6c710a7733c1c24e566bb3,2021-06-15,partial history: below 28-day comparative gate
1359,212,6.0,24082.345018933338,28.0,4.0,55.0,9.0,True,C,26427.857068285713,29473.19915302381,-0.0795811827950729,-8.875150350979709,False,5580eba4ad4d1266854f3fec95266bd2,2021-06-15,
1239,152,0.0,,0.0,2.0,0.0,4.0,False,B,,,,,,003df5deff30e1e5a07b5d063fe85c3f,2021-02-20,partial history: below 28-day comparative gate
1348,176,0.0,,0.0,3.0,0.0,4.0,False,B,,,,,,284784fd7319c4e33b0bf1dc90c1a610,2021-05-30,partial history: below 28-day comparative gate
1361,198,0.0,,0.0,5.0,0.0,10.0,False,B,,,,,,2de8db6af975b72ac70440ede29e1cfb,2021-06-15,partial history: below 28-day comparative gate
1360,350,7.0,102104.48244884713,28.0,3.0,55.0,6.0,False,C,24992.636516606428,50555.09494601236,1.5253031571711662,308.5382603832274,True,46b53cdf4d639d54e894d92b6dff817f,2021-06-15,
1361,275,5.0,120303.97689903998,26.0,5.0,53.0,10.0,True,C,91562.12383025499,118179.10911245704,0.24320587017993825,31.390548696826734,False,46562035189535f838d640973dbb222e,2021-06-13,
1365,211,7.0,136237.40936284285,28.0,4.0,56.0,7.0,False,C,56479.20935210429,93065.625525264,0.8570103038644173,141.21692021839,False,993b20b5d910d05b5d79e0de71386a49,2021-06-15,
1364,217,6.0,55890.97769872999,26.0,2.0,54.0,6.0,False,B,,,,,,e06024d216d36ef2d7cddc8a67cf77a7,2021-06-15,partial history: below 28-day comparative gate
1359,206,0.0,,0.0,5.0,0.0,9.0,False,B,,,,,,c703d4732f997328085fad609ecd6656,2021-06-15,partial history: below 28-day comparative gate
328,44,7.0,39487.57137375857,28.0,4.0,49.0,11.0,True,C,34482.3000835525,43882.22214330629,0.11406148197920195,14.515479762307097,False,1c12f39481a6c09da17bd4e6bebed9a2,2018-08-13,
208,38,6.0,68245.38631417167,25.0,4.0,53.0,9.0,True,C,34616.60203620797,75297.52006284014,0.44661210953426533,97.14640461472491,False,9e9e21ee5dbdb37ffda3225cd0403d34,2018-04-15,
1189,108,6.0,18924.89625145,4.0,2.0,4.0,2.0,False,B,,,,,,59256b077a34f2f4ed7bbf7670e53786,2021-01-12,partial history: below 28-day comparative gate
821,119,0.0,,0.0,1.0,0.0,6.0,False,B,,,,,,76b564dca3ab4d899e5a30d3cbcb0aac,2019-12-26,partial history: below 28-day comparative gate
1338,220,7.0,64731.31508536286,26.0,5.0,54.0,9.0,True,C,64090.82716374115,92861.79495138313,0.006897216685904357,0.999344133888881,False,d2c8a48736cfe925440115558db860ee,2021-06-15,
1195,106,6.0,161923.432063225,25.0,1.0,52.0,3.0,False,B,,,,,,1fff60a0795f79ab1f9432d2cb1f56ee,2021-01-08,partial history: below 28-day comparative gate
1340,148,0.0,,0.0,4.0,0.0,7.0,False,B,,,,,,34ed21e64b190dc037d35ef7f646feb8,2021-06-11,partial history: below 28-day comparative gate
322,39,7.0,134891.35061642856,25.0,1.0,50.0,2.0,False,B,,,,,,a4dde9659b38b613f08b37c0c8bfa9eb,2018-11-24,partial history: below 28-day comparative gate
137,13,6.0,6970.598043555,13.0,2.0,35.0,4.0,False,B,,,,,,07eab8e219b6a4dcd45167dc216e1189,2018-02-11,partial history: below 28-day comparative gate
1357,168,7.0,28387.565940628567,28.0,2.0,56.0,3.0,False,B,,,,,,45555d3305e255895b11695c179a98cd,2021-06-15,partial history: below 28-day comparative gate
8,0,,,,,,,,A,,,,,,df5e798581def8d477316520953b9171,2017-10-09,below no-data threshold
1096,205,7.0,1366.5593600025713,7.0,4.0,23.0,10.0,False,B,,,,,,f0db9e3e8b9b5080e5752383cceb34f6,2020-10-08,partial history: below 28-day comparative gate
1347,199,7.0,129435.731468,28.0,5.0,56.0,10.0,True,C,21879.476248461782,71867.9019001086,1.496582652002753,491.5851458149043,True,5fa34bfca33d0ced12ea991006fbc934,2021-06-15,
1346,193,7.0,123184.0016525,27.0,4.0,55.0,9.0,True,C,61652.62673299297,84754.62712675786,0.7259942849784655,99.80333066097725,False,f17129feb37d5dcec17728f50d7beb95,2021-06-15,
160,25,7.0,78612.03544585714,27.0,4.0,55.0,8.0,True,C,7174.275847514755,17615.294599334935,4.0554393907803,995.748715504007,True,8733d6d19519598608c6dc2f9ee525d7,2018-03-24,
1340,107,7.0,71497.45722110858,21.0,2.0,37.0,4.0,False,B,,,,,,3d1a8b919f65dd22f661468f79b9b107,2021-06-15,partial history: below 28-day comparative gate
1346,250,0.0,,0.0,4.0,0.0,9.0,False,B,,,,,,87d88cba80cd67d705f61405fbe40da9,2021-06-15,partial history: below 28-day comparative gate
752,37,0.0,,5.0,0.0,29.0,0.0,False,B,,,,,,c4de76cb7f30c4073617bfb80fabaec6,2019-11-06,partial history: below 28-day comparative gate
1181,172,4.0,5753.1675873275,28.0,6.0,56.0,11.0,True,C,8275.5480175825,22245.519216148812,-0.11338824712276953,-30.479920180462585,False,f3e1995993cccfe83056a8deb2e315ff,2021-01-08,
1187,122,0.0,,0.0,0.0,0.0,0.0,False,B,,,,,,bd441b322153093e69f107a36a9b15d6,2021-01-13,partial history: below 28-day comparative gate
1281,152,7.0,85422.43240719571,27.0,1.0,55.0,2.0,False,B,,,,,,13789d5f8a59f1e347e42b99233530d6,2021-06-15,partial history: below 28-day comparative gate
1180,154,6.0,157055.064846489,27.0,2.0,54.0,6.0,False,B,,,,,,cf007be9a060b779cf5a71b3e59a9d5b,2021-01-08,partial history: below 28-day comparative gate
1344,246,7.0,46239.74956748424,28.0,6.0,56.0,13.0,True,C,9504.462189698464,16941.67831806416,2.1683381473851124,386.505692216881,True,17fb1517cc9d7e416782bffb8edd9070,2021-06-15,
1339,188,0.0,,0.0,4.0,0.0,9.0,False,B,,,,,,e8811b53add5bfb32640af600ba33399,2021-06-15,partial history: below 28-day comparative gate
1338,181,6.0,68781.17890010659,28.0,1.0,56.0,3.0,False,B,,,,,,2cc3f6274987ee627ab9be37181536eb,2021-06-15,partial history: below 28-day comparative gate
1094,167,0.0,,0.0,0.0,15.0,0.0,False,B,,,,,,1618e7f7049efc1a0fbe48af6fda8e57,2020-10-16,partial history: below 28-day comparative gate
1333,97,6.0,63196.335378733325,24.0,0.0,50.0,0.0,False,B,,,,,,031cf9537e5da78c5a69a10cba088c94,2021-06-15,partial history: below 28-day comparative gate
1326,188,0.0,,0.0,4.0,0.0,7.0,False,B,,,,,,7e22b6d9cb821d7004409da02d95cb64,2021-06-15,partial history: below 28-day comparative gate
1174,159,0.0,,0.0,1.0,0.0,2.0,False,B,,,,,,ac02afb2367b89fdcab1b1245e195b27,2021-01-08,partial history: below 28-day comparative gate
1333,166,0.0,,0.0,0.0,0.0,1.0,False,B,,,,,,30b497738f121ad199afb509889f6cfe,2021-06-15,partial history: below 28-day comparative gate
1331,271,7.0,66836.23284550001,28.0,5.0,56.0,8.0,True,C,9891.434953074287,7965.608070717363,7.14883250429586,575.6980474782085,True,422875809be551a4ec179466aa8300ba,2021-06-15,
451,45,6.0,55692.93463235,27.0,0.0,51.0,0.0,False,B,,,,,,da130c5ecc942e7cd705585222a42adf,2019-01-16,partial history: below 28-day comparative gate
1323,387,7.0,77796.52426247428,28.0,9.0,56.0,17.0,True,C,42049.65944369428,76515.01688927988,0.4671875701276661,85.01106855965406,False,73e13f8273906f7f43a077f95ec48e7d,2021-06-15,
1153,180,7.0,26626.691210707144,28.0,3.0,56.0,7.0,False,C,41143.12444173714,37281.10943167188,-0.38937771574731284,-35.28276820975701,False,b3db52ffec3adfc49eb061af2f2f2846,2021-01-08,
1076,71,0.0,,0.0,0.0,14.0,0.0,False,B,,,,,,690d25f3b083e647278ed85c6bb033ae,2020-10-08,partial history: below 28-day comparative gate
1184,151,0.0,,0.0,1.0,0.0,3.0,False,B,,,,,,5a254d648a95146b403690f81da84bc3,2021-01-17,partial history: below 28-day comparative gate
878,93,0.0,,0.0,1.0,0.0,7.0,False,B,,,,,,db8df8be53722b041b1e649ae0c0b5d4,2020-03-27,partial history: below 28-day comparative gate
1322,103,0.0,,27.0,0.0,55.0,0.0,False,B,,,,,,3e7ca3545ad22d036db36c4f1e9f2e18,2021-06-14,partial history: below 28-day comparative gate
579,78,7.0,2755.83615325,28.0,0.0,56.0,0.0,False,B,,,,,,8feafc5db9bf59d00a21335e69b57804,2019-05-31,partial history: below 28-day comparative gate
212,27,7.0,8218.87582971663,28.0,4.0,50.0,7.0,False,C,24261.277525374288,66386.50884194464,-0.24165153395627384,-66.12348289936214,False,91d30de367a6a0772fdca55ec5b129a2,2018-05-29,
1333,220,0.0,,0.0,3.0,0.0,8.0,False,B,,,,,,c0fec81b63a711ebc1c29a5df6e21b07,2021-06-15,partial history: below 28-day comparative gate
82,9,6.0,6260.088198418333,26.0,1.0,52.0,4.0,False,B,,,,,,c0b0998fe60a905081764378d1102494,2018-01-14,partial history: below 28-day comparative gate
1324,197,7.0,141417.58439275716,28.0,5.0,56.0,9.0,True,C,30252.17083771141,60088.77508329768,1.8500196318021693,367.4626001267665,True,8ccf6026d9114437e881d73faa34ea51,2021-06-15,
1325,241,0.0,,0.0,6.0,0.0,10.0,False,B,,,,,,8c0c301d93ca93cae5c090caf21816ec,2021-06-15,partial history: below 28-day comparative gate
1323,111,7.0,76130.08656237143,28.0,3.0,56.0,4.0,False,C,56271.472265482145,73867.59825142304,0.26884066582612515,35.29073169295926,False,db422d4921bbfae5352fdc90cea7bd07,2021-06-15,
1336,231,6.0,29231.791684933338,28.0,5.0,56.0,10.0,True,C,33961.25187945607,32900.35376713035,-0.1437510437729024,-13.926047871585345,False,86a13f6d0bb7070ca042d60b2a582c4c,2021-06-15,
1171,213,7.0,58169.68021907857,28.0,1.0,55.0,5.0,False,B,,,,,,2f706716305bceab3969e0f457da16b4,2021-01-08,partial history: below 28-day comparative gate
197,26,7.0,4342.566663967143,25.0,5.0,53.0,9.0,True,C,3526.3016987327997,1068.2493171572871,0.7641146613662263,23.147904943234813,False,703c70ff9f0c7a8e24757d0270a2e932,2018-05-10,
1312,173,0.0,,0.0,2.0,0.0,6.0,False,B,,,,,,bc3ae668f5930dcab54b63a9cfd0896d,2021-06-15,partial history: below 28-day comparative gate
1310,81,0.0,,0.0,0.0,0.0,0.0,False,B,,,,,,f5fa7e56d2303d8b1e3bb33d367c98c5,2021-06-15,partial history: below 28-day comparative gate
1311,202,0.0,,0.0,4.0,0.0,7.0,False,B,,,,,,e1b0f11a76278ee3f33e48e2d81b50d0,2021-06-15,partial history: below 28-day comparative gate
692,77,0.0,,0.0,4.0,0.0,7.0,False,B,,,,,,165970c3847523de7691ef9766b0f3f4,2019-09-22,partial history: below 28-day comparative gate
1079,184,7.0,18342.63808166143,10.0,5.0,10.0,7.0,False,B,,,,,,a4fcfc9e92d6861285d6c5979d2fd54b,2020-10-07,partial history: below 28-day comparative gate
952,184,3.0,0.0,0.0,1.0,5.0,4.0,False,B,,,,,,5e1d4d2718012c036ea65bfe3c80c0e7,2020-06-10,partial history: below 28-day comparative gate
1337,197,0.0,,0.0,4.0,0.0,8.0,False,B,,,,,,107c06248d28377b345ae06e5bda10c1,2021-06-15,partial history: below 28-day comparative gate
1316,279,7.0,48711.83030934715,28.0,5.0,54.0,9.0,True,C,15362.332087779894,35580.55827843892,0.9372955297830825,217.0861691506813,False,6c4cf48742a55153dd574133a73a6932,2021-06-15,
1290,310,5.0,2946.130313632,0.0,0.0,0.0,0.0,False,B,,,,,,f40ed30e72159a5c839a43fe97e0c905,2021-05-26,partial history: below 28-day comparative gate
1292,278,7.0,17533.376912618573,28.0,0.0,56.0,6.0,False,B,,,,,,600713d94c8ebe9f12f7d12c6479a131,2021-05-28,partial history: below 28-day comparative gate
1317,190,1.0,64592.688771,28.0,2.0,56.0,5.0,False,B,,,,,,1df93e607e693903c6fce6054a0a67c5,2021-06-15,partial history: below 28-day comparative gate
1316,146,7.0,44115.92461241429,28.0,2.0,56.0,3.0,False,B,,,,,,c2d80f95e15e8973a9a943564baea1b7,2021-06-15,partial history: below 28-day comparative gate
1317,191,6.0,7709.650879631667,28.0,5.0,55.0,10.0,True,C,2944.4403367760715,858.7898033297558,5.548750723843727,161.83756496397962,True,e535002d3f0d00b98ff8a34754d6472b,2021-06-15,
1314,438,7.0,59142.76337300001,27.0,11.0,55.0,21.0,True,C,34038.00119787815,15573.40391444066,1.6120279364129966,73.75510103891422,True,862f10a8c357e957a59d122077b3a5ad,2021-06-14,
1316,252,7.0,29892.513122164288,26.0,4.0,54.0,7.0,False,C,34518.559017553074,35706.52716138605,-0.12955743005977657,-13.401619381146212,False,d1075cae00d6198eb840ad42a2df742c,2021-06-15,
1315,171,0.0,,0.0,1.0,0.0,7.0,False,B,,,,,,7a5f7cc91bafe10c9708342bb197ea58,2021-06-15,partial history: below 28-day comparative gate
1330,140,0.0,,0.0,1.0,0.0,2.0,False,B,,,,,,2d5d41b5e9a9a5bb7007264230e4c575,2021-06-15,partial history: below 28-day comparative gate
1317,200,0.0,,0.0,1.0,0.0,3.0,False,B,,,,,,84120765740b5395aa49a2feb12fbb43,2021-06-15,partial history: below 28-day comparative gate
1277,169,7.0,10091.809146701427,3.0,3.0,12.0,4.0,False,B,,,,,,63e8142ef2fdd89aec0630ce6070831d,2021-06-15,partial history: below 28-day comparative gate
760,85,0.0,,0.0,0.0,0.0,0.0,False,B,,,,,,0aee9faa6f2d2d24d85d2690f5b2df25,2019-12-26,partial history: below 28-day comparative gate
775,57,6.0,24293.76477860482,16.0,0.0,43.0,0.0,False,B,,,,,,1893420fc2b045e14ef0112c1b079afe,2019-12-27,partial history: below 28-day comparative gate
304,74,3.0,8395.690904879999,23.0,6.0,39.0,11.0,False,C,13162.305537158609,28993.439974668137,,,,56b90ef8a34e80ebc086ecd8d594e9d8,2018-09-09,insufficient recent data (<4 days) for deviation statement
1315,204,0.0,,0.0,6.0,0.0,11.0,False,B,,,,,,b1fed5ab5fbd8a1b2fd93b925849a11c,2021-06-15,partial history: below 28-day comparative gate
867,30,0.0,,0.0,0.0,0.0,0.0,False,B,,,,,,24e89780f6c9efef9ab28fea842cf620,2020-03-27,partial history: below 28-day comparative gate
1311,187,0.0,,0.0,4.0,0.0,9.0,False,B,,,,,,d1cd5ab675681cd980ee4dd212d8c53c,2021-06-15,partial history: below 28-day comparative gate
310,79,4.0,15757.13418203,27.0,5.0,54.0,11.0,True,C,10218.522245388498,20762.99671823889,0.2667539764034257,54.20169182624243,False,98e5152e1020930fb007145c1c60648b,2019-07-22,
1078,134,4.0,8510.3457228305,26.0,3.0,46.0,7.0,False,C,18707.828245035347,61347.93672762811,-0.16622372431984986,-54.509173318453136,False,546901e10be0157c4fed40c04bfeaaa5,2021-09-03,
1365,173,7.0,90157.61730497857,28.0,6.0,55.0,12.0,True,C,14138.265618951073,14862.35102181493,5.114894108909582,537.685128677526,True,7dcfc929e033d32b768ff4b51bd6a748,2022-06-15,
1192,263,5.0,26989.965601965996,17.0,5.0,43.0,8.0,True,B,,,,,,83e4705b8ead02d2659f4d4241183e17,2021-12-29,partial history: below 28-day comparative gate
1366,185,7.0,46616.908201051425,28.0,1.0,56.0,3.0,False,B,,,,,,e946e1f85b5de2dba4edcf1aebbfdc0a,2022-06-15,partial history: below 28-day comparative gate
1365,145,0.0,,0.0,0.0,21.0,0.0,False,B,,,,,,480fca3c0b19afab1093cf2f01d63317,2022-06-13,partial history: below 28-day comparative gate
1362,157,6.0,165070.60044255,26.0,4.0,53.0,7.0,False,C,73042.05679222384,123955.217651599,0.7424338030609638,125.99391048380724,False,968356427b2638af0930896c8d4a48d5,2022-06-15,
1291,186,0.0,,0.0,3.0,0.0,7.0,False,B,,,,,,0947cdc8e87a0a45a012aa387ccedbcd,2022-03-26,partial history: below 28-day comparative gate
1369,239,6.0,57859.409323424996,28.0,6.0,55.0,10.0,True,C,16532.845904168567,30380.31033321755,1.360307480930185,249.966422349805,True,6ed487d275984c8c141d40ad10664f46,2022-06-15,
1333,200,0.0,,0.0,0.0,0.0,4.0,False,B,,,,,,23d00aa2ae3eb2c224734960f2391885,2022-06-15,partial history: below 28-day comparative gate
1360,154,7.0,5336.966335957143,26.0,2.0,54.0,4.0,False,B,,,,,,8617ddac1f48b148e3683738519b2e7a,2022-06-15,partial history: below 28-day comparative gate
2,1,,,,,,,,A,,,,,,ad15fc229da933fbf1fc0f92fc9b55a3,2018-09-24,below no-data threshold
1362,204,7.0,58633.24521279143,28.0,6.0,55.0,10.0,True,C,12102.069387396074,21612.88296799597,2.152937018827984,384.4894152883979,True,eb5b94ef4672c2971d18f0d95d51f892,2022-06-15,
941,159,6.0,53789.80356794666,25.0,5.0,52.0,10.0,True,C,60505.2790053132,67372.97527437468,-0.09967610024669293,-11.09899094387586,False,4005a296ac7cd078b8bd56f0b905b7a6,2021-07-08,
294,41,0.0,,0.0,5.0,0.0,15.0,False,B,,,,,,1e85c892d8f047ff621ad9134c4e6d8d,2019-07-15,partial history: below 28-day comparative gate
184,10,7.0,5099.265650652858,28.0,0.0,56.0,0.0,False,B,,,,,,fbcc8cd8254960ed44ffdd3390a2f6a0,2019-05-30,partial history: below 28-day comparative gate
1355,170,0.0,,0.0,3.0,0.0,7.0,False,B,,,,,,f663e0d08f34a40d5930a3298bc8e98e,2022-06-15,partial history: below 28-day comparative gate
571,94,0.0,,0.0,5.0,0.0,11.0,False,B,,,,,,8ee53a46a77476104276e6a1af54472c,2020-04-25,partial history: below 28-day comparative gate
1145,380,6.0,5166.368472204999,28.0,10.0,56.0,18.0,True,C,4132.199587869215,5023.007107197307,0.20588640674108474,25.02707970282378,False,1d2263527eed2a54e88d340fb8e55308,2021-11-14,
1355,140,6.0,66949.19526121001,26.0,1.0,52.0,4.0,False,B,,,,,,61f9310e79c30ff4ff836fa065aee93a,2022-06-15,partial history: below 28-day comparative gate
1259,441,6.0,23702.05232381,27.0,9.0,55.0,18.0,True,C,4712.1837192583025,14926.342299472366,1.2722385848824445,402.99508117524545,True,aeeb186fafcc356f44cae870555f4a0d,2022-03-27,
688,66,0.0,,0.0,5.0,0.0,10.0,False,B,,,,,,b4d5a392109a5d0a0e6da33189e63511,2020-08-18,partial history: below 28-day comparative gate
1362,186,7.0,75030.24470557143,28.0,1.0,56.0,2.0,False,B,,,,,,8c8ee0b0491acee56e6346c2af5c6cf4,2022-06-15,partial history: below 28-day comparative gate
1216,197,7.0,52959.02379571429,19.0,3.0,47.0,7.0,False,B,,,,,,8730e74690f38a87355bf45b00fc220e,2022-02-13,partial history: below 28-day comparative gate
1360,173,0.0,,0.0,1.0,0.0,6.0,False,B,,,,,,64f2d26b3835e5fa744c35f1709e9c39,2022-06-15,partial history: below 28-day comparative gate
531,41,0.0,,0.0,3.0,0.0,3.0,False,B,,,,,,f1dcebbb6fbe6d586ddb2c43c781e013,2020-03-27,partial history: below 28-day comparative gate
1264,137,0.0,,0.0,0.0,0.0,1.0,False,B,,,,,,8e12cde03a0eaf1a9c41596a81a1cf59,2022-04-01,partial history: below 28-day comparative gate
1358,175,6.0,55967.37303486,26.0,0.0,54.0,1.0,False,B,,,,,,83a37a7ffd416a2e0a863c86166a97c8,2022-06-15,partial history: below 28-day comparative gate
1339,191,7.0,3442.179758048572,28.0,4.0,56.0,8.0,True,C,4360.341089970714,1480.73601509511,-0.6200709124125461,-21.057098813531333,False,20b8c420e5a7abcb07f11aab23e42923,2022-06-06,
1340,180,0.0,,0.0,4.0,0.0,8.0,False,B,,,,,,d060bfe5da35b9cbd05e3dc33e167092,2022-06-15,partial history: below 28-day comparative gate
1358,214,6.0,58833.668714455,28.0,4.0,56.0,8.0,True,C,16268.06363461786,20706.430389437584,2.0556708365122165,261.65133131923,True,dfba04a156c13a94753a56bbbdd58969,2022-06-15,
1132,309,6.0,2295.60181221,28.0,2.0,56.0,5.0,False,B,,,,,,fc26652471ae91bdbbc11a8be89c362c,2021-11-28,partial history: below 28-day comparative gate
1352,246,7.0,85361.23710760857,28.0,5.0,56.0,10.0,True,C,41243.55613535501,62686.45591347218,0.7037833026188368,106.9686639713271,False,fc73375dda5e5460f7088c78654a945e,2022-06-15,
721,23,1.0,0.0,0.0,0.0,1.0,1.0,False,B,,,,,,9ffbe25e279de21de86acd54b6fa60d0,2020-10-06,partial history: below 28-day comparative gate
1159,122,0.0,,0.0,0.0,0.0,0.0,False,B,,,,,,c75fc80fba7cbe2b7d9cbc71be5b91a6,2021-12-18,partial history: below 28-day comparative gate
1139,52,0.0,,0.0,0.0,0.0,0.0,False,B,,,,,,dd2ab53554046244203dfb4a72ad4e18,2021-11-06,partial history: below 28-day comparative gate
816,98,6.0,9748.72239973,28.0,2.0,33.0,3.0,False,B,,,,,,8ee7d10d8b836222ee69ff04247971a4,2021-01-09,partial history: below 28-day comparative gate
1246,70,7.0,37066.607438658575,24.0,0.0,47.0,1.0,False,B,,,,,,69d24b22972459bf83ab0c8eb24d13cc,2022-03-05,partial history: below 28-day comparative gate
1319,248,5.0,35676.145448092,28.0,0.0,54.0,1.0,False,B,,,,,,920e275acd8721dad396513f4d7c99ea,2022-06-15,partial history: below 28-day comparative gate
1338,323,6.0,65045.52374573342,28.0,5.0,56.0,8.0,True,C,44061.56023443782,79799.64793578238,0.2629580963587978,47.6241953295491,False,6b22ac2851e90cebdb6bcc50288e031c,2022-06-15,
1257,113,0.0,,0.0,1.0,0.0,1.0,False,B,,,,,,4e37495c9c7c8a17e8737e2c61cfe228,2022-03-13,partial history: below 28-day comparative gate
1341,175,0.0,,0.0,1.0,0.0,3.0,False,B,,,,,,713a6a94988cc13bf0bb50ad0cb0a015,2022-06-15,partial history: below 28-day comparative gate
733,58,6.0,6865.5229500795,27.0,1.0,49.0,1.0,False,B,,,,,,6b4ad83b4ee50566e899f3b6c0fb7864,2020-10-08,partial history: below 28-day comparative gate
1354,241,7.0,29322.675545811428,28.0,5.0,56.0,13.0,True,C,20710.980092864214,56638.27095604419,0.1520472872420589,41.58033764859973,False,62e43e3420646eaa7ecb44636abda31a,2022-06-15,
1337,191,0.0,,0.0,1.0,0.0,1.0,False,B,,,,,,a2949761d01e0f82cdbcc71231431959,2022-05-23,partial history: below 28-day comparative gate
740,90,7.0,22566.339983780003,18.0,6.0,34.0,10.0,False,B,,,,,,632503a1df16a201a0fc5a1b91d3b01c,2020-10-15,partial history: below 28-day comparative gate
1347,170,0.0,,0.0,1.0,0.0,1.0,False,B,,,,,,b5dea997cb5e8f17d428c5047a9a1c08,2022-06-15,partial history: below 28-day comparative gate
364,19,,,,,,,,A,,,,,,1badfae62cc1b76787d4f8beb68737bf,2020-03-27,below descriptive sufficiency gate
1353,166,6.0,9567.178342603333,28.0,5.0,54.0,8.0,True,C,5085.847362121429,12753.59071064777,0.35137798304445444,88.11375295802493,False,8c644d8cbd193c5575bb826a8abaa245,2022-06-15,
1217,196,1.0,20057.7788003,26.0,5.0,54.0,9.0,True,C,25686.655871769304,42495.110065985435,,,,964412e1937376da4b5a70412a600bc9,2022-01-30,insufficient recent data (<4 days) for deviation statement
210,18,6.0,24747.88756524,28.0,0.0,56.0,0.0,False,B,,,,,,8479552e5849c2f93e5f8ab1720ed78b,2019-06-03,partial history: below 28-day comparative gate
1360,416,7.0,31526.993841505715,28.0,10.0,56.0,19.0,True,C,41079.59947119537,69733.03056141846,-0.1369882472163037,-23.253891840858504,False,c37f9221f44e9ca35a49180dc05a7587,2022-06-15,
1343,243,7.0,65442.179217354285,28.0,5.0,56.0,10.0,True,C,51220.865457338645,106103.56900074237,0.1340323788723463,27.764688536667606,False,d86f28a1830ecec98f00cd0fddf8b1ef,2022-06-13,
831,82,6.0,33452.830392188334,26.0,0.0,53.0,0.0,False,B,,,,,,c98557ba920872193b0d6d8d90ac2eb0,2021-01-09,partial history: below 28-day comparative gate
1343,385,7.0,7717.731465691286,28.0,7.0,56.0,11.0,True,C,1142.4251740379643,904.1517018896893,7.272348520619762,575.5568453041473,True,7d2c632a05bbb03ca97555d61be83c41,2022-06-15,
520,73,0.0,,0.0,0.0,0.0,1.0,False,B,,,,,,12e0a85ee9819ae1abeca0ccfaa52d13,2020-03-27,partial history: below 28-day comparative gate
1333,135,0.0,,0.0,0.0,0.0,0.0,False,B,,,,,,f578948fdf09c92bc603dae7400b6673,2022-06-15,partial history: below 28-day comparative gate
1334,219,6.0,24177.218761335,28.0,4.0,50.0,9.0,True,C,67945.01159876607,103244.69172387385,-0.4239229359557514,-64.4164918182543,False,aa77ecb82c267ad01e9899413f072025,2022-06-15,
788,82,6.0,23132.84720120333,28.0,2.0,52.0,2.0,False,B,,,,,,2c4f43b2212eee5ba69563f139911138,2021-01-08,partial history: below 28-day comparative gate
1057,159,7.0,56732.259780042856,28.0,5.0,56.0,10.0,True,C,55778.87170419212,43754.75007337887,0.021789361709342595,1.7092279688028966,False,1741432fb469dbbcd5a40599670c64ce,2021-09-08,
1354,180,7.0,81588.00754220856,28.0,4.0,56.0,8.0,True,C,30594.8479161189,63780.576124383115,0.7995092350160684,166.6723749237005,False,51ac1dd0849798d75614176ebff633be,2022-06-15,
1332,184,6.0,51905.03712625668,28.0,0.0,56.0,2.0,False,B,,,,,,4eeb9f06b3ff630aa8f81fd23e1dfe7b,2022-06-15,partial history: below 28-day comparative gate
1213,338,6.0,3124.8548704616674,28.0,3.0,56.0,5.0,False,C,3162.7659643127504,1162.8867266646332,-0.03260084837309891,-1.1986689587169903,False,ffc4b142e017c162ed4db7b05414fc4b,2022-02-17,
1346,214,0.0,,0.0,4.0,0.0,8.0,False,B,,,,,,e3d27e46b8e06963920efb69f95df6fc,2022-06-15,partial history: below 28-day comparative gate
1330,190,0.0,,0.0,6.0,0.0,12.0,False,B,,,,,,bdefb86f43d463ae4475291ec837f7d7,2022-06-15,partial history: below 28-day comparative gate
1332,183,5.0,49777.849884079995,28.0,0.0,56.0,1.0,False,B,,,,,,212521733ea8eeff63d997dc0213c692,2022-06-15,partial history: below 28-day comparative gate
1309,374,7.0,129743.38879982429,28.0,10.0,54.0,21.0,True,C,73039.21160646714,53768.578935266814,1.0545969098722985,77.63525364824223,True,35cf1abf179310dc33907d953f590366,2022-06-15,
1344,187,0.0,,0.0,2.0,0.0,5.0,False,B,,,,,,ac23ab17a31d1abeea72e408ac5871c1,2022-06-15,partial history: below 28-day comparative gate
966,128,6.0,33054.5615911335,28.0,3.0,56.0,4.0,False,C,3666.756703524122,7581.532419924914,3.8762354705990196,801.4659074425292,True,9a67ed145c6e7be55b1f744897316f71,2021-06-09,
4,0,,,,,,,,A,,,,,,e6d71fe4a3c10b075ae1cf51a2fe6cfd,2018-10-25,below no-data threshold
1235,74,6.0,2016.017051276667,24.0,1.0,46.0,3.0,False,B,,,,,,0b9c2303bcc61063f9a5653d77c90501,2022-03-05,partial history: below 28-day comparative gate
1339,116,5.0,110873.79832150196,28.0,0.0,56.0,0.0,False,B,,,,,,bbcad50219ee8a1484b4c6f000eb4e68,2022-06-15,partial history: below 28-day comparative gate
498,46,0.0,,0.0,0.0,0.0,0.0,False,B,,,,,,4b5eb55e64b6bc941796bf114149cab7,2020-03-05,partial history: below 28-day comparative gate
1333,108,0.0,,0.0,1.0,0.0,4.0,False,B,,,,,,a6c1b8b62cc50f9022f018b5198648a0,2022-06-15,partial history: below 28-day comparative gate
707,104,7.0,46920.77971243572,15.0,0.0,40.0,0.0,False,B,,,,,,62caae288910745b5eb9dde5a9873179,2020-09-29,partial history: below 28-day comparative gate
1165,118,0.0,,0.0,0.0,0.0,1.0,False,B,,,,,,59cf760cd019690c9007452187578915,2022-01-19,partial history: below 28-day comparative gate
167,47,6.0,2796.5863401933334,24.0,5.0,51.0,14.0,True,C,17427.184466534418,38117.750957587814,-0.38382637377058265,-83.95273576426736,False,c21d2515be8477a92181b9c0035a9884,2019-04-14,
1311,315,0.0,,0.0,9.0,0.0,17.0,False,B,,,,,,a7cb6ba9ef6b3878a4284b0d63afecd7,2022-06-15,partial history: below 28-day comparative gate
344,72,1.0,0.0,26.0,8.0,33.0,10.0,False,C,23841.294594709456,38880.651286142966,,,,3528757eaf1d15ee6c778eb79cd02de7,2019-10-08,insufficient recent data (<4 days) for deviation statement
1185,190,0.0,,0.0,5.0,0.0,7.0,False,B,,,,,,0107c61e54459068bb83f6be2058d65d,2022-01-24,partial history: below 28-day comparative gate
1346,152,0.0,,0.0,3.0,0.0,7.0,False,B,,,,,,a7a320d21e232075512a494c982dc17f,2022-06-15,partial history: below 28-day comparative gate
521,81,6.0,1853.9764911645,27.0,6.0,55.0,10.0,True,C,5627.243733624296,6637.317529146836,-0.5684928023844015,-67.05355980785954,False,4a8ac645226348425b0a43a8373e394d,2020-03-27,
1324,94,,,,,,,,A,,,,,,c7d47e96f38254e31508ca2c19b24d29,2022-06-15,below descriptive sufficiency gate
1327,170,6.0,11817.973409485,28.0,0.0,55.0,3.0,False,B,,,,,,2d06da49889845dc3af964bafb630b0a,2022-06-15,partial history: below 28-day comparative gate
1326,184,7.0,32621.138124868572,28.0,5.0,56.0,8.0,True,C,1992.747034629036,1169.185393095972,26.196351127117975,1536.9934345902177,True,557b44c8daf2ddb5d02313f20f2505b9,2022-06-15,
1315,124,0.0,,0.0,0.0,0.0,0.0,False,B,,,,,,0f2be96bde481cd3898f147a995a7d56,2022-06-09,partial history: below 28-day comparative gate
1327,348,0.0,,0.0,0.0,0.0,0.0,False,B,,,,,,bd6de07de02a8c2e98018a1c7daecc87,2022-05-30,partial history: below 28-day comparative gate
1326,210,4.0,22236.4918976,28.0,5.0,55.0,11.0,True,C,19903.558027786967,60834.6716873294,0.03834875417432286,11.721190083481911,False,0f727c1018c74fbb7142e8c7a77840d6,2022-06-15,
710,54,0.0,,0.0,0.0,0.0,0.0,False,B,,,,,,429cf5f822600da91a6f4227c0af86c6,2020-10-09,partial history: below 28-day comparative gate
1345,188,7.0,75878.02337138142,28.0,2.0,56.0,4.0,False,B,,,,,,d038cb570b5de5840c0677e72d2ba198,2022-06-15,partial history: below 28-day comparative gate
893,208,7.0,37604.991265714285,24.0,4.0,51.0,8.0,True,C,67437.98762389626,92815.64166939806,-0.32142207737403505,-44.23767287446582,False,0ba15aa0582c5e825710d42fe3eb231d,2021-04-24,
1319,182,7.0,39440.19147512857,27.0,1.0,55.0,3.0,False,B,,,,,,b855dfddb71e240c1990b539533cd1f6,2022-06-15,partial history: below 28-day comparative gate
1200,121,0.0,,0.0,1.0,0.0,1.0,False,B,,,,,,f066d6d9013a60a4b65eda0f2518f61a,2022-02-15,partial history: below 28-day comparative gate
791,49,6.0,9173.043070361,28.0,0.0,52.0,1.0,False,B,,,,,,54446e36f4601e2c4ab70c355baccc32,2021-01-10,partial history: below 28-day comparative gate
1312,160,0.0,,0.0,0.0,0.0,0.0,False,B,,,,,,1d0fa4dfa0545bedeaa6045c70b6d19c,2022-06-15,partial history: below 28-day comparative gate
799,158,7.0,2426.566671104286,24.0,3.0,24.0,5.0,False,C,17506.846848090416,16339.281080380628,-0.92294637094491,-86.13932770326961,False,bea4c7250c8631ddfacf57dfa386caba,2021-01-07,
1009,177,0.0,,0.0,3.0,0.0,8.0,False,B,,,,,,12f90c19f2c2b74ec542b62e74e7cad1,2021-08-23,partial history: below 28-day comparative gate
772,90,4.0,9974.892394875,27.0,2.0,52.0,6.0,False,B,,,,,,6294895f1093b3878b385812d65c3197,2020-12-31,partial history: below 28-day comparative gate
990,109,6.0,6403.508810078335,28.0,0.0,56.0,3.0,False,B,,,,,,f7472689b3556548c03d3b064d6ab9a8,2021-08-06,partial history: below 28-day comparative gate
1318,166,5.0,33824.475505962,27.0,5.0,54.0,7.0,False,C,21301.135001566665,27242.001925506473,0.45970705598804873,58.79189303046182,False,58863d024fc04ff1c3082e2c81e14cf2,2022-06-15,
1162,138,0.0,,0.0,0.0,0.0,0.0,False,B,,,,,,7d41e1ac6994aa87a10a923b31b16cd8,2022-01-09,partial history: below 28-day comparative gate
379,69,6.0,7548.02229623,26.0,1.0,54.0,6.0,False,B,,,,,,50e32d5c464c892af7aa4b6a666e876d,2019-11-19,partial history: below 28-day comparative gate
1268,322,6.0,3852.998362038333,27.0,2.0,54.0,9.0,True,B,,,,,,169d3212668c4eed434dafd32e33c946,2022-04-29,partial history: below 28-day comparative gate
1320,164,0.0,,0.0,0.0,0.0,3.0,False,B,,,,,,97487f1632fbab90426f6760a0fe94ea,2022-06-15,partial history: below 28-day comparative gate
1318,132,0.0,,0.0,3.0,0.0,7.0,False,B,,,,,,b17eeda399b312140dc40b8445a8e0a5,2022-06-15,partial history: below 28-day comparative gate
804,52,6.0,102678.91575622333,26.0,2.0,51.0,4.0,False,B,,,,,,5e8e425fb65143d25c73b88bd26638eb,2021-01-08,partial history: below 28-day comparative gate
1102,103,5.0,14537.413108771998,25.0,2.0,53.0,3.0,False,B,,,,,,84875d7ec9c81d58d687aa4805c35c77,2021-11-18,partial history: below 28-day comparative gate
1317,239,7.0,68098.26417615286,28.0,6.0,56.0,10.0,True,C,42712.488311950714,60792.30109033267,0.4175820853775685,59.43408325639355,False,5c446b55e04c641913c09fd39d01d32b,2022-06-15,
1201,165,0.0,,0.0,0.0,0.0,0.0,False,B,,,,,,f5529fbae87a8d170937d3e39d5a63cc,2022-02-23,partial history: below 28-day comparative gate
781,49,0.0,,0.0,3.0,23.0,6.0,False,B,,,,,,374d8bd8b755b55ed5a9b08304db6cee,2020-12-23,partial history: below 28-day comparative gate
1325,180,5.0,23986.1748587,28.0,3.0,56.0,4.0,False,C,19450.078608632142,29531.817386400653,0.15360030812586298,23.3217373633374,False,03a0ce5623bfeb8aa3113605f7682215,2022-06-15,
1298,169,0.0,,25.0,0.0,53.0,6.0,False,B,,,,,,fe8ddda4ae8c71f7054ca024b82f5c98,2022-06-02,partial history: below 28-day comparative gate
961,74,6.0,16433.210344366667,3.0,0.0,3.0,0.0,False,B,,,,,,a52b5e80b4c7a8e05f8cc0a16ae4ea9f,2021-06-19,partial history: below 28-day comparative gate
728,97,7.0,5645.933882043143,28.0,4.0,47.0,8.0,True,C,7349.895842127501,10345.56096802442,-0.1647046463068445,-23.18348445589848,False,6b0083d00297f9c03e00b2cde889b666,2020-11-10,
